"x","y","z"
"44",0.0333358461538461,-0.00327082051282051,0.804786189857797
"45",0.0614371282051282,-0.00327082051282051,0.826429553868235
"46",0.0895384102564103,-0.00327082051282051,0.821123815767538
"47",0.117639692307692,-0.00327082051282051,0.81581807766684
"48",0.145740974358974,-0.00327082051282051,0.805624723259671
"49",0.173842256410256,-0.00327082051282051,0.788642275127245
"50",0.201943538461538,-0.00327082051282051,0.77165982699482
"51",0.23004482051282,-0.00327082051282051,0.754677378862395
"52",0.258146102564103,-0.00327082051282051,0.73769493072997
"53",0.286247384615385,-0.00327082051282051,0.720712482597545
"54",0.314348666666667,-0.00327082051282051,0.703730034465119
"55",0.342449948717949,-0.00327082051282051,0.686747586332694
"56",0.370551230769231,-0.00327082051282051,0.646523977467357
"57",0.398652512820513,-0.00327082051282051,0.598589486573067
"58",0.426753794871795,-0.00327082051282051,0.54773782959804
"59",0.454855076923077,-0.00327082051282051,0.505824271044103
"60",0.482956358974359,-0.00327082051282051,0.472979045063694
"61",0.511057641025641,-0.00327082051282051,0.440133819083286
"62",0.539158923076923,-0.00327082051282051,0.407288593102878
"63",0.567260205128205,-0.00327082051282051,0.374443367122469
"64",0.595361487179487,-0.00327082051282051,0.347427418783319
"65",0.623462769230769,-0.00327082051282051,0.326807091396329
"66",0.651564051282051,-0.00327082051282051,0.313828406913866
"67",0.679665333333333,-0.00327082051282051,0.299301459725412
"68",0.707766615384615,-0.00327082051282051,0.283156028501902
"69",0.735867897435897,-0.00327082051282051,0.267010597278392
"70",0.763969179487179,-0.00327082051282051,0.250865166054882
"71",0.792070461538462,-0.00327082051282051,0.234719734831372
"72",0.820171743589744,-0.00327082051282051,0.218574303607862
"73",0.848273025641026,-0.00327082051282051,0.202428872384352
"74",0.876374307692308,-0.00327082051282051,0.186283441160842
"75",0.90447558974359,-0.00327082051282051,0.170138009937332
"76",0.932576871794872,-0.00327082051282051,0.153992578713821
"77",0.960678153846154,-0.00327082051282051,0.137847147490311
"78",0.988779435897436,-0.00327082051282051,0.121742679645644
"79",1.01688071794872,-0.00327082051282051,0.106644371952049
"84",0.0333358461538461,0.024479358974359,0.82469597798851
"85",0.0614371282051282,0.024479358974359,0.866940026930676
"86",0.0895384102564103,0.024479358974359,0.880536810973523
"87",0.117639692307692,0.024479358974359,0.880668658442674
"88",0.145740974358974,0.024479358974359,0.875362920341977
"89",0.173842256410256,0.024479358974359,0.870057182241279
"90",0.201943538461538,0.024479358974359,0.864751444140581
"91",0.23004482051282,0.024479358974359,0.859445706039884
"92",0.258146102564103,0.024479358974359,0.848782920273244
"93",0.286247384615385,0.024479358974359,0.821762276058499
"94",0.314348666666667,0.024479358974359,0.773945213355504
"95",0.342449948717949,0.024479358974359,0.726128150652509
"96",0.370551230769231,0.024479358974359,0.678311087949514
"97",0.398652512820513,0.024479358974359,0.628975523811029
"98",0.426753794871795,0.024479358974359,0.577671605300467
"99",0.454855076923077,0.024479358974359,0.526347860284937
"100",0.482956358974359,0.024479358974359,0.484392583185935
"101",0.511057641025641,0.024479358974359,0.451547357205527
"102",0.539158923076923,0.024479358974359,0.418702131225118
"103",0.567260205128205,0.024479358974359,0.38585690524471
"104",0.595361487179487,0.024479358974359,0.359848557698183
"105",0.623462769230769,0.024479358974359,0.339531508308375
"106",0.651564051282051,0.024479358974359,0.317327450656549
"107",0.679665333333333,0.024479358974359,0.301557000467226
"108",0.707766615384615,0.024479358974359,0.288578315984763
"109",0.735867897435897,0.024479358974359,0.2755996315023
"110",0.763969179487179,0.024479358974359,0.262167612391194
"111",0.792070461538462,0.024479358974359,0.246022181167683
"112",0.820171743589744,0.024479358974359,0.230172155500263
"113",0.848273025641026,0.024479358974359,0.214455006411152
"114",0.876374307692308,0.024479358974359,0.198737857322041
"115",0.90447558974359,0.024479358974359,0.183613476937973
"116",0.932576871794872,0.024479358974359,0.170208532805441
"117",0.960678153846154,0.024479358974359,0.156803588672909
"118",0.988779435897436,0.024479358974359,0.141417838125121
"119",1.01688071794872,0.024479358974359,0.119971180698861
"124",0.0333358461538461,0.0522295384615385,0.836453930328629
"125",0.0614371282051282,0.0522295384615385,0.886849815061388
"126",0.0895384102564103,0.0522295384615385,0.920503771113968
"127",0.117639692307692,0.0522295384615385,0.933836658156872
"128",0.145740974358974,0.0522295384615385,0.942061474385818
"129",0.173842256410256,0.0522295384615385,0.942002026200047
"130",0.201943538461538,0.0522295384615385,0.940339691032086
"131",0.23004482051282,0.0522295384615385,0.938677355864125
"132",0.258146102564103,0.0522295384615385,0.915846311133209
"133",0.286247384615385,0.0522295384615385,0.866266247156406
"134",0.314348666666667,0.0522295384615385,0.814185728790541
"135",0.342449948717949,0.0522295384615385,0.761865791276371
"136",0.370551230769231,0.0522295384615385,0.709545853762202
"137",0.398652512820513,0.0522295384615385,0.658929126018424
"138",0.426753794871795,0.0522295384615385,0.607605381002894
"139",0.454855076923077,0.0522295384615385,0.556281635987365
"140",0.482956358974359,0.0522295384615385,0.504957890971835
"141",0.511057641025641,0.0522295384615385,0.462960895327767
"142",0.539158923076923,0.0522295384615385,0.430115669347359
"143",0.567260205128205,0.0522295384615385,0.397270443366951
"144",0.595361487179487,0.0522295384615385,0.372269696613047
"145",0.623462769230769,0.0522295384615385,0.352710086790651
"146",0.651564051282051,0.0522295384615385,0.331876911000305
"147",0.679665333333333,0.0522295384615385,0.325842889596041
"148",0.707766615384615,0.0522295384615385,0.316876661094093
"149",0.735867897435897,0.0522295384615385,0.303097167683874
"150",0.763969179487179,0.0522295384615385,0.289317674273656
"151",0.792070461538462,0.0522295384615385,0.272305404917023
"152",0.820171743589744,0.0522295384615385,0.254329297785051
"153",0.848273025641026,0.0522295384615385,0.234094350219126
"154",0.876374307692308,0.0522295384615385,0.2203677495263
"155",0.90447558974359,0.0522295384615385,0.206962805393768
"156",0.932576871794872,0.0522295384615385,0.193557861261236
"157",0.960678153846154,0.0522295384615385,0.172506017193418
"158",0.988779435897436,0.0522295384615385,0.151059359767159
"159",1.01688071794872,0.0522295384615385,0.132086425338742
"164",0.0333358461538461,0.0799797179487179,0.844318760358258
"165",0.0614371282051282,0.0799797179487179,0.906759603192101
"166",0.0895384102564103,0.0799797179487179,0.949003652134267
"167",0.117639692307692,0.0799797179487179,0.973114908463459
"168",0.145740974358974,0.0799797179487179,0.976546497818416
"169",0.173842256410256,0.0799797179487179,0.979053888079427
"170",0.201943538461538,0.0799797179487179,0.980857029401829
"171",0.23004482051282,0.0799797179487179,0.982660170724232
"172",0.258146102564103,0.0799797179487179,0.942431046610989
"173",0.286247384615385,0.0799797179487179,0.890824392227455
"174",0.314348666666667,0.0799797179487179,0.83921773784392
"175",0.342449948717949,0.0799797179487179,0.787611083460385
"176",0.370551230769231,0.0799797179487179,0.736004429076851
"177",0.398652512820513,0.0799797179487179,0.68494273176416
"178",0.426753794871795,0.0799797179487179,0.637539156705322
"179",0.454855076923077,0.0799797179487179,0.586215411689792
"180",0.482956358974359,0.0799797179487179,0.534891666674262
"181",0.511057641025641,0.0799797179487179,0.483567921658733
"182",0.539158923076923,0.0799797179487179,0.4415292074696
"183",0.567260205128205,0.0799797179487179,0.408683981489191
"184",0.595361487179487,0.0799797179487179,0.384690835527911
"185",0.623462769230769,0.0799797179487179,0.365131225705515
"186",0.651564051282051,0.0799797179487179,0.358537756549862
"187",0.679665333333333,0.0799797179487179,0.346489625260042
"188",0.707766615384615,0.0799797179487179,0.340455603855779
"189",0.735867897435897,0.0799797179487179,0.333920317848872
"190",0.763969179487179,0.0799797179487179,0.320140824438654
"191",0.792070461538462,0.0799797179487179,0.30243533424413
"192",0.820171743589744,0.0799797179487179,0.281732288563614
"193",0.848273025641026,0.0799797179487179,0.261029242883099
"194",0.876374307692308,0.0799797179487179,0.243717077982095
"195",0.90447558974359,0.0799797179487179,0.225040853687975
"196",0.932576871794872,0.0799797179487179,0.203594196261716
"197",0.960678153846154,0.0799797179487179,0.182147538835456
"198",0.988779435897436,0.0799797179487179,0.160700881409197
"199",1.01688071794872,0.0799797179487179,0.147523332149415
"204",0.0333358461538461,0.107729897435897,0.852183590387887
"205",0.0614371282051282,0.107729897435897,0.926669391322813
"206",0.0895384102564103,0.107729897435897,0.96891344026498
"207",0.117639692307692,0.107729897435897,1.00296229167845
"208",0.145740974358974,0.107729897435897,1.00511842449598
"209",0.173842256410256,0.107729897435897,1.00692156581838
"210",0.201943538461538,0.107729897435897,1.00872470714078
"211",0.23004482051282,0.107729897435897,1.01052784846318
"212",0.258146102564103,0.107729897435897,0.962401124050027
"213",0.286247384615385,0.107729897435897,0.910325384885965
"214",0.314348666666667,0.107729897435897,0.858718730502431
"215",0.342449948717949,0.107729897435897,0.807112076118896
"216",0.370551230769231,0.107729897435897,0.755505421735362
"217",0.398652512820513,0.107729897435897,0.702150343286421
"218",0.426753794871795,0.107729897435897,0.653640777014644
"219",0.454855076923077,0.107729897435897,0.606938286779538
"220",0.482956358974359,0.107729897435897,0.560235796544431
"221",0.511057641025641,0.107729897435897,0.51350169736116
"222",0.539158923076923,0.107729897435897,0.462177952345631
"223",0.567260205128205,0.107729897435897,0.420097519611432
"224",0.595361487179487,0.107729897435897,0.397111974442775
"225",0.623462769230769,0.107729897435897,0.390096727094691
"226",0.651564051282051,0.107729897435897,0.388626308408147
"227",0.679665333333333,0.107729897435897,0.390934279514923
"228",0.707766615384615,0.107729897435897,0.378554949769789
"229",0.735867897435897,0.107729897435897,0.366175620024656
"230",0.763969179487179,0.107729897435897,0.353492695295092
"231",0.792070461538462,0.107729897435897,0.335026496367067
"232",0.820171743589744,0.107729897435897,0.316370291342989
"233",0.848273025641026,0.107729897435897,0.297714086318912
"234",0.876374307692308,0.107729897435897,0.271657598049726
"235",0.90447558974359,0.107729897435897,0.236594559504911
"236",0.932576871794872,0.107729897435897,0.213235717903754
"237",0.960678153846154,0.107729897435897,0.191789060477495
"238",0.988779435897436,0.107729897435897,0.17344803962644
"239",1.01688071794872,0.107729897435897,0.162960238960088
"243",0.0052345641025641,0.135480076923077,0.691121058205472
"244",0.0333358461538461,0.135480076923077,0.860048420417517
"245",0.0614371282051282,0.135480076923077,0.946579179453525
"246",0.0895384102564103,0.135480076923077,0.984747224179591
"247",0.117639692307692,0.135480076923077,1.0182938011985
"248",0.145740974358974,0.135480076923077,1.03298610223493
"249",0.173842256410256,0.135480076923077,1.03478924355733
"250",0.201943538461538,0.135480076923077,1.03659238487973
"251",0.23004482051282,0.135480076923077,1.03473491376965
"252",0.258146102564103,0.135480076923077,0.982445572725891
"253",0.286247384615385,0.135480076923077,0.930156231682128
"254",0.314348666666667,0.135480076923077,0.878219723160941
"255",0.342449948717949,0.135480076923077,0.826613068777407
"256",0.370551230769231,0.135480076923077,0.775006414393872
"257",0.398652512820513,0.135480076923077,0.721597947136242
"258",0.426753794871795,0.135480076923077,0.669041312500235
"259",0.454855076923077,0.135480076923077,0.622338822265129
"260",0.482956358974359,0.135480076923077,0.575636332030023
"261",0.511057641025641,0.135480076923077,0.528933841794916
"262",0.539158923076923,0.135480076923077,0.481920064807876
"263",0.567260205128205,0.135480076923077,0.436890736591835
"264",0.595361487179487,0.135480076923077,0.42502727856493
"265",0.623462769230769,0.135480076923077,0.418851074958785
"266",0.651564051282051,0.135480076923077,0.417706354722292
"267",0.679665333333333,0.135480076923077,0.425203509802848
"268",0.707766615384615,0.135480076923077,0.423330802479984
"269",0.735867897435897,0.135480076923077,0.41095147273485
"270",0.763969179487179,0.135480076923077,0.397124610738081
"271",0.792070461538462,0.135480076923077,0.379722119532367
"272",0.820171743589744,0.135480076923077,0.361065914508289
"273",0.848273025641026,0.135480076923077,0.342409709484211
"274",0.876374307692308,0.135480076923077,0.312002741433428
"275",0.90447558974359,0.135480076923077,0.276939702888613
"276",0.932576871794872,0.135480076923077,0.241876664343798
"277",0.960678153846154,0.135480076923077,0.206813625798982
"278",0.988779435897436,0.135480076923077,0.188884946437113
"279",1.01688071794872,0.135480076923077,0.170867680593185
"283",0.0052345641025641,0.163230256410256,0.699286538049661
"284",0.0333358461538461,0.163230256410256,0.867913250447146
"285",0.0614371282051282,0.163230256410256,0.963712684818157
"286",0.0895384102564103,0.163230256410256,0.998991580854382
"287",0.117639692307692,0.163230256410256,1.03362531071854
"288",0.145740974358974,0.163230256410256,1.057675711782
"289",0.173842256410256,0.163230256410256,1.06265692129628
"290",0.201943538461538,0.163230256410256,1.06446006261869
"291",0.23004482051282,0.163230256410256,1.05477936244552
"292",0.258146102564103,0.163230256410256,1.00249002140176
"293",0.286247384615385,0.163230256410256,0.950200680357993
"294",0.314348666666667,0.163230256410256,0.89791133931423
"295",0.342449948717949,0.163230256410256,0.846114061435917
"296",0.370551230769231,0.163230256410256,0.794507407052383
"297",0.398652512820513,0.163230256410256,0.741045550986063
"298",0.426753794871795,0.163230256410256,0.683274491176188
"299",0.454855076923077,0.163230256410256,0.635163943451722
"300",0.482956358974359,0.163230256410256,0.587312674052129
"301",0.511057641025641,0.163230256410256,0.539461404652535
"302",0.539158923076923,0.163230256410256,0.500407765472432
"303",0.567260205128205,0.163230256410256,0.463913806961043
"304",0.595361487179487,0.163230256410256,0.44902287931598
"305",0.623462769230769,0.163230256410256,0.447605422822879
"306",0.651564051282051,0.163230256410256,0.446786401036437
"307",0.679665333333333,0.163230256410256,0.454283556116993
"308",0.707766615384615,0.163230256410256,0.461780711197549
"309",0.735867897435897,0.163230256410256,0.455727325445045
"310",0.763969179487179,0.163230256410256,0.440756526181069
"311",0.792070461538462,0.163230256410256,0.42366351420841
"312",0.820171743589744,0.163230256410256,0.405761537673589
"313",0.848273025641026,0.163230256410256,0.387105332649511
"314",0.876374307692308,0.163230256410256,0.352347884817129
"315",0.90447558974359,0.163230256410256,0.317284846272314
"316",0.932576871794872,0.163230256410256,0.275012544081883
"317",0.960678153846154,0.163230256410256,0.228318913640239
"318",0.988779435897436,0.163230256410256,0.204321853247786
"319",1.01688071794872,0.163230256410256,0.171218850426863
"323",0.0052345641025641,0.190980435897436,0.70745201789385
"324",0.0333358461538461,0.190980435897436,0.875778080476775
"325",0.0614371282051282,0.190980435897436,0.960479778710904
"326",0.0895384102564103,0.190980435897436,1.01323593752917
"327",0.117639692307692,0.190980435897436,1.0485148335654
"328",0.145740974358974,0.190980435897436,1.07300722130204
"329",0.173842256410256,0.190980435897436,1.09052459903524
"330",0.201943538461538,0.190980435897436,1.09232774035764
"331",0.23004482051282,0.190980435897436,1.07482381112138
"332",0.258146102564103,0.190980435897436,1.02253447007762
"333",0.286247384615385,0.190980435897436,0.970245129033857
"334",0.314348666666667,0.190980435897436,0.917955787990094
"335",0.342449948717949,0.190980435897436,0.865666446946331
"336",0.370551230769231,0.190980435897436,0.814008399710893
"337",0.398652512820513,0.190980435897436,0.760493154835884
"338",0.426753794871795,0.190980435897436,0.692705283296381
"339",0.454855076923077,0.190980435897436,0.644854013896788
"340",0.482956358974359,0.190980435897436,0.600418752864419
"341",0.511057641025641,0.190980435897436,0.563924794353029
"342",0.539158923076923,0.190980435897436,0.52743083584164
"343",0.567260205128205,0.190980435897436,0.49093687733025
"344",0.595361487179487,0.190980435897436,0.46609268822101
"345",0.623462769230769,0.190980435897436,0.472983251750456
"346",0.651564051282051,0.190980435897436,0.475866447350583
"347",0.679665333333333,0.190980435897436,0.483363602431138
"348",0.707766615384615,0.190980435897436,0.490860757511694
"349",0.735867897435897,0.190980435897436,0.498357912592249
"350",0.763969179487179,0.190980435897436,0.484388441624058
"351",0.792070461538462,0.190980435897436,0.467295429651399
"352",0.820171743589744,0.190980435897436,0.45020241767874
"353",0.848273025641026,0.190980435897436,0.427756066745646
"354",0.876374307692308,0.190980435897436,0.388753131911132
"355",0.90447558974359,0.190980435897436,0.342059501469488
"356",0.932576871794872,0.190980435897436,0.295365871027844
"357",0.960678153846154,0.190980435897436,0.2486722405862
"358",0.988779435897436,0.190980435897436,0.219758760058459
"359",1.01688071794872,0.190980435897436,0.17157002026054
"363",0.0052345641025641,0.218730615384615,0.715617497738039
"364",0.0333358461538461,0.218730615384615,0.883642910506405
"365",0.0614371282051282,0.218730615384615,0.952494886851985
"366",0.0895384102564103,0.218730615384615,1.01947308907545
"367",0.117639692307692,0.218730615384615,1.06275919024019
"368",0.145740974358974,0.218730615384615,1.08833873082209
"369",0.173842256410256,0.218730615384615,1.11238913188554
"370",0.201943538461538,0.218730615384615,1.12019541809659
"371",0.23004482051282,0.218730615384615,1.09486825979725
"372",0.258146102564103,0.218730615384615,1.04257891875348
"373",0.286247384615385,0.218730615384615,0.990289577709722
"374",0.314348666666667,0.218730615384615,0.938000236665958
"375",0.342449948717949,0.218730615384615,0.885710895622195
"376",0.370551230769231,0.218730615384615,0.833509392369404
"377",0.398652512820513,0.218730615384615,0.775884855872452
"378",0.426753794871795,0.218730615384615,0.702395353741447
"379",0.454855076923077,0.218730615384615,0.663935781745015
"380",0.482956358974359,0.218730615384615,0.627441823233626
"381",0.511057641025641,0.218730615384615,0.590947864722237
"382",0.539158923076923,0.218730615384615,0.554453906210847
"383",0.567260205128205,0.218730615384615,0.517959947699458
"384",0.595361487179487,0.218730615384615,0.48316249712604
"385",0.623462769230769,0.218730615384615,0.490053060655486
"386",0.651564051282051,0.218730615384615,0.500207557319481
"387",0.679665333333333,0.218730615384615,0.507201787767889
"388",0.707766615384615,0.218730615384615,0.514196018216297
"389",0.735867897435897,0.218730615384615,0.519508029202348
"390",0.763969179487179,0.218730615384615,0.51698574668834
"391",0.792070461538462,0.218730615384615,0.50209566505111
"392",0.820171743589744,0.218730615384615,0.487205583413881
"393",0.848273025641026,0.218730615384615,0.454893737208642
"394",0.876374307692308,0.218730615384615,0.409106458857093
"395",0.90447558974359,0.218730615384615,0.362412828415449
"396",0.932576871794872,0.218730615384615,0.315719197973805
"397",0.960678153846154,0.218730615384615,0.269025567532161
"398",0.988779435897436,0.218730615384615,0.235195666869132
"399",1.01688071794872,0.218730615384615,0.171921190094218
"403",0.0052345641025641,0.246480794871795,0.723782977582228
"404",0.0333358461538461,0.246480794871795,0.877531792769598
"405",0.0614371282051282,0.246480794871795,0.944509994993066
"406",0.0895384102564103,0.246480794871795,1.01148819721653
"407",0.117639692307692,0.246480794871795,1.07700354691498
"408",0.145740974358974,0.246480794871795,1.10367024034214
"409",0.173842256410256,0.246480794871795,1.12772064140559
"410",0.201943538461538,0.246480794871795,1.14806309583554
"411",0.23004482051282,0.246480794871795,1.11491270847311
"412",0.258146102564103,0.246480794871795,1.06262336742935
"413",0.286247384615385,0.246480794871795,1.01033402638559
"414",0.314348666666667,0.246480794871795,0.958044685341823
"415",0.342449948717949,0.246480794871795,0.904402295122868
"416",0.370551230769231,0.246480794871795,0.845979307109013
"417",0.398652512820513,0.246480794871795,0.775569052006488
"418",0.426753794871795,0.246480794871795,0.690358204160841
"419",0.454855076923077,0.246480794871795,0.662075375632015
"420",0.482956358974359,0.246480794871795,0.64196089610279
"421",0.511057641025641,0.246480794871795,0.617970935091444
"422",0.539158923076923,0.246480794871795,0.581476976580055
"423",0.567260205128205,0.246480794871795,0.544983018068665
"424",0.595361487179487,0.246480794871795,0.508489059557276
"425",0.623462769230769,0.246480794871795,0.508497421766522
"426",0.651564051282051,0.246480794871795,0.522270196420149
"427",0.679665333333333,0.246480794871795,0.529264426868557
"428",0.707766615384615,0.246480794871795,0.536258657316966
"429",0.735867897435897,0.246480794871795,0.538535647630879
"430",0.763969179487179,0.246480794871795,0.5397730985323
"431",0.792070461538462,0.246480794871795,0.531525298487672
"432",0.820171743589744,0.246480794871795,0.516635216850442
"433",0.848273025641026,0.246480794871795,0.479376937129276
"434",0.876374307692308,0.246480794871795,0.425960042394737
"435",0.90447558974359,0.246480794871795,0.381115102520457
"436",0.932576871794872,0.246480794871795,0.336072524919767
"437",0.960678153846154,0.246480794871795,0.289378894478123
"438",0.988779435897436,0.246480794871795,0.250632573679805
"439",1.01688071794872,0.246480794871795,0.172272359927896
"443",0.0052345641025641,0.274230974358974,0.731948457426417
"444",0.0333358461538461,0.274230974358974,0.846584870055195
"445",0.0614371282051282,0.274230974358974,0.912655604470677
"446",0.0895384102564103,0.274230974358974,0.980285476355974
"447",0.117639692307692,0.274230974358974,1.04791534824127
"448",0.145740974358974,0.274230974358974,1.08152769025958
"449",0.173842256410256,0.274230974358974,1.11288585344048
"450",0.201943538461538,0.274230974358974,1.14064881212388
"451",0.23004482051282,0.274230974358974,1.12032114463045
"452",0.258146102564103,0.274230974358974,1.0618981566166
"453",0.286247384615385,0.274230974358974,1.00347516860274
"454",0.314348666666667,0.274230974358974,0.94505218058889
"455",0.342449948717949,0.274230974358974,0.886629192575036
"456",0.370551230769231,0.274230974358974,0.821977868566312
"457",0.398652512820513,0.274230974358974,0.754187772450781
"458",0.426753794871795,0.274230974358974,0.682562442605481
"459",0.454855076923077,0.274230974358974,0.621623191794193
"460",0.482956358974359,0.274230974358974,0.601508712264968
"461",0.511057641025641,0.274230974358974,0.581394232735742
"462",0.539158923076923,0.274230974358974,0.561279753206517
"463",0.567260205128205,0.274230974358974,0.541165273677292
"464",0.595361487179487,0.274230974358974,0.521050794148066
"465",0.623462769230769,0.274230974358974,0.52887327700985
"466",0.651564051282051,0.274230974358974,0.542819665417083
"467",0.679665333333333,0.274230974358974,0.551327065969226
"468",0.707766615384615,0.274230974358974,0.556325815157988
"469",0.735867897435897,0.274230974358974,0.557563266059409
"470",0.763969179487179,0.274230974358974,0.558800716960831
"471",0.792070461538462,0.274230974358974,0.560038167862252
"472",0.820171743589744,0.274230974358974,0.546064850287004
"473",0.848273025641026,0.274230974358974,0.504971271558823
"474",0.876374307692308,0.274230974358974,0.44860623624692
"475",0.90447558974359,0.274230974358974,0.397026347580832
"476",0.932576871794872,0.274230974358974,0.352181407706552
"477",0.960678153846154,0.274230974358974,0.307336467832273
"478",0.988779435897436,0.274230974358974,0.255804891092939
"479",1.01688071794872,0.274230974358974,0.172623529761573
"483",0.0052345641025641,0.301981153846154,0.740113937270607
"484",0.0333358461538461,0.301981153846154,0.809397219909864
"485",0.0614371282051282,0.301981153846154,0.863074773725843
"486",0.0895384102564103,0.301981153846154,0.93070464561114
"487",0.117639692307692,0.301981153846154,0.986059080531086
"488",0.145740974358974,0.301981153846154,1.01741724371199
"489",0.173842256410256,0.301981153846154,1.03295561486236
"490",0.201943538461538,0.301981153846154,1.04391705507909
"491",0.23004482051282,0.301981153846154,1.05487849529582
"492",0.258146102564103,0.301981153846154,1.01974539256144
"493",0.286247384615385,0.301981153846154,0.981015268472381
"494",0.314348666666667,0.301981153846154,0.927279078041058
"495",0.342449948717949,0.301981153846154,0.863768292975012
"496",0.370551230769231,0.301981153846154,0.79597819685948
"497",0.398652512820513,0.301981153846154,0.728188100743949
"498",0.426753794871795,0.301981153846154,0.660398004628418
"499",0.454855076923077,0.301981153846154,0.589555833204475
"500",0.482956358974359,0.301981153846154,0.561056528427146
"501",0.511057641025641,0.301981153846154,0.540942048897921
"502",0.539158923076923,0.301981153846154,0.521714312616002
"503",0.567260205128205,0.301981153846154,0.504225023376257
"504",0.595361487179487,0.301981153846154,0.49928394782669
"505",0.623462769230769,0.301981153846154,0.531775158953284
"506",0.651564051282051,0.301981153846154,0.563195520660412
"507",0.679665333333333,0.301981153846154,0.573389705069895
"508",0.707766615384615,0.301981153846154,0.575353433586518
"509",0.735867897435897,0.301981153846154,0.576590884487939
"510",0.763969179487179,0.301981153846154,0.577828335389361
"511",0.792070461538462,0.301981153846154,0.579065786290783
"512",0.820171743589744,0.301981153846154,0.575494483723565
"513",0.848273025641026,0.301981153846154,0.53056560598837
"514",0.876374307692308,0.301981153846154,0.474200570676467
"515",0.90447558974359,0.301981153846154,0.417835535364565
"516",0.932576871794872,0.301981153846154,0.368092652766927
"517",0.960678153846154,0.301981153846154,0.323247712892647
"518",0.988779435897436,0.301981153846154,0.255026659639573
"519",1.01688071794872,0.301981153846154,0.172974699595251
"523",0.0052345641025641,0.329731333333333,0.748279417114796
"524",0.0333358461538461,0.329731333333333,0.772209569764533
"525",0.0614371282051282,0.329731333333333,0.825765334198188
"526",0.0895384102564103,0.329731333333333,0.881123814866305
"527",0.117639692307692,0.329731333333333,0.914300977384105
"528",0.145740974358974,0.329731333333333,0.925262417600834
"529",0.173842256410256,0.329731333333333,0.936223857817564
"530",0.201943538461538,0.329731333333333,0.947185298034293
"531",0.23004482051282,0.329731333333333,0.958146738251022
"532",0.258146102564103,0.329731333333333,0.955416945884352
"533",0.286247384615385,0.329731333333333,0.916686821795298
"534",0.314348666666667,0.329731333333333,0.876952026193553
"535",0.342449948717949,0.329731333333333,0.83145970526849
"536",0.370551230769231,0.329731333333333,0.773607308319217
"537",0.398652512820513,0.329731333333333,0.705591540490023
"538",0.426753794871795,0.329731333333333,0.637575772660829
"539",0.454855076923077,0.329731333333333,0.569560004831635
"540",0.482956358974359,0.329731333333333,0.522415031178369
"541",0.511057641025641,0.329731333333333,0.503254591854179
"542",0.539158923076923,0.329731333333333,0.490732089923316
"543",0.567260205128205,0.329731333333333,0.485791014373749
"544",0.595361487179487,0.329731333333333,0.482773452692502
"545",0.623462769230769,0.329731333333333,0.52252538418341
"546",0.651564051282051,0.329731333333333,0.562277315674318
"547",0.679665333333333,0.329731333333333,0.587058912114918
"548",0.707766615384615,0.329731333333333,0.587616119616385
"549",0.735867897435897,0.329731333333333,0.588173327117852
"550",0.763969179487179,0.329731333333333,0.588730534619319
"551",0.792070461538462,0.329731333333333,0.589287742120787
"552",0.820171743589744,0.329731333333333,0.589844949622254
"553",0.848273025641026,0.329731333333333,0.54847159447197
"554",0.876374307692308,0.329731333333333,0.495488200305456
"555",0.90447558974359,0.329731333333333,0.442504806138941
"556",0.932576871794872,0.329731333333333,0.387064834482209
"557",0.960678153846154,0.329731333333333,0.323005194565751
"558",0.988779435897436,0.329731333333333,0.253083077194606
"559",1.01688071794872,0.329731333333333,0.173325869428929
"562",-0.0228667179487179,0.357481512820513,0.552520881504649
"563",0.0052345641025641,0.357481512820513,0.708841154620764
"564",0.0333358461538461,0.357481512820513,0.719686079973888
"565",0.0614371282051282,0.357481512820513,0.772143850650362
"566",0.0895384102564103,0.357481512820513,0.824397130833509
"567",0.117639692307692,0.357481512820513,0.836485071199306
"568",0.145740974358974,0.357481512820513,0.84143588780177
"569",0.173842256410256,0.357481512820513,0.846386704404234
"570",0.201943538461538,0.357481512820513,0.851337521006698
"571",0.23004482051282,0.357481512820513,0.861414981206227
"572",0.258146102564103,0.357481512820513,0.872376421422957
"573",0.286247384615385,0.357481512820513,0.85226967347864
"574",0.314348666666667,0.357481512820513,0.810370345345541
"575",0.342449948717949,0.357481512820513,0.765618411970642
"576",0.370551230769231,0.357481512820513,0.719075733884346
"577",0.398652512820513,0.357481512820513,0.67253305579805
"578",0.426753794871795,0.357481512820513,0.618068112354883
"579",0.454855076923077,0.357481512820513,0.550052344525688
"580",0.482956358974359,0.357481512820513,0.491021678906677
"581",0.511057641025641,0.357481512820513,0.477239156470375
"582",0.539158923076923,0.357481512820513,0.472298080920808
"583",0.567260205128205,0.357481512820513,0.467357005371241
"584",0.595361487179487,0.357481512820513,0.473523677922629
"585",0.623462769230769,0.357481512820513,0.513275609413536
"586",0.651564051282051,0.357481512820513,0.543292715556852
"587",0.679665333333333,0.357481512820513,0.559918795199734
"588",0.707766615384615,0.357481512820513,0.563246320359425
"589",0.735867897435897,0.357481512820513,0.563803527860892
"590",0.763969179487179,0.357481512820513,0.564360735362359
"591",0.792070461538462,0.357481512820513,0.564917942863827
"592",0.820171743589744,0.357481512820513,0.5603935485156
"593",0.848273025641026,0.357481512820513,0.527257946950995
"594",0.876374307692308,0.357481512820513,0.47427455278448
"595",0.90447558974359,0.357481512820513,0.421291158617966
"596",0.932576871794872,0.357481512820513,0.371587003083063
"597",0.960678153846154,0.357481512820513,0.320669720017072
"598",0.988779435897436,0.357481512820513,0.251139494749639
"599",1.01688071794872,0.357481512820513,0.173677039262607
"602",-0.0228667179487179,0.385231692307692,0.560686361348838
"603",0.0052345641025641,0.385231692307692,0.668036425090259
"604",0.0333358461538461,0.385231692307692,0.675693811515451
"605",0.0614371282051282,0.385231692307692,0.709558006599468
"606",0.0895384102564103,0.385231692307692,0.754772946573177
"607",0.117639692307692,0.385231692307692,0.773526302261502
"608",0.145740974358974,0.385231692307692,0.779299685847431
"609",0.173842256410256,0.385231692307692,0.784250502449896
"610",0.201943538461538,0.385231692307692,0.78920131905236
"611",0.23004482051282,0.385231692307692,0.794152135654824
"612",0.258146102564103,0.385231692307692,0.799102952257288
"613",0.286247384615385,0.385231692307692,0.785687992630628
"614",0.314348666666667,0.385231692307692,0.743788664497528
"615",0.342449948717949,0.385231692307692,0.699777118672793
"616",0.370551230769231,0.385231692307692,0.653234440586497
"617",0.398652512820513,0.385231692307692,0.606691762500202
"618",0.426753794871795,0.385231692307692,0.560149084413906
"619",0.454855076923077,0.385231692307692,0.513606406327611
"620",0.482956358974359,0.385231692307692,0.462528916390548
"621",0.511057641025641,0.385231692307692,0.455454250905542
"622",0.539158923076923,0.385231692307692,0.4538640719183
"623",0.567260205128205,0.385231692307692,0.448922996368733
"624",0.595361487179487,0.385231692307692,0.464273903152755
"625",0.623462769230769,0.385231692307692,0.49545590665372
"626",0.651564051282051,0.385231692307692,0.511423790819768
"627",0.679665333333333,0.385231692307692,0.527391674985816
"628",0.707766615384615,0.385231692307692,0.538876521102465
"629",0.735867897435897,0.385231692307692,0.539433728603932
"630",0.763969179487179,0.385231692307692,0.539990936105399
"631",0.792070461538462,0.385231692307692,0.538685178118721
"632",0.820171743589744,0.385231692307692,0.530387751264278
"633",0.848273025641026,0.385231692307692,0.50604429943002
"634",0.876374307692308,0.385231692307692,0.453060905263505
"635",0.90447558974359,0.385231692307692,0.402800723268447
"636",0.932576871794872,0.385231692307692,0.356204280482166
"637",0.960678153846154,0.385231692307692,0.308849559844063
"638",0.988779435897436,0.385231692307692,0.249195912304672
"639",1.01688071794872,0.385231692307692,0.173864131687756
"642",-0.0228667179487179,0.412981871794872,0.568851841193027
"643",0.0052345641025641,0.412981871794872,0.621310846988355
"644",0.0333358461538461,0.412981871794872,0.634961878981936
"645",0.0614371282051282,0.412981871794872,0.65913851716084
"646",0.0895384102564103,0.412981871794872,0.685148762312845
"647",0.117639692307692,0.412981871794872,0.70390211800117
"648",0.145740974358974,0.412981871794872,0.717163483893093
"649",0.173842256410256,0.412981871794872,0.722114300495557
"650",0.201943538461538,0.412981871794872,0.727065117098021
"651",0.23004482051282,0.412981871794872,0.732015933700485
"652",0.258146102564103,0.412981871794872,0.720271185304318
"653",0.286247384615385,0.412981871794872,0.704560961899306
"654",0.314348666666667,0.412981871794872,0.677206983649516
"655",0.342449948717949,0.412981871794872,0.633935825374944
"656",0.370551230769231,0.412981871794872,0.587393147288649
"657",0.398652512820513,0.412981871794872,0.540850469202353
"658",0.426753794871795,0.412981871794872,0.494307791116057
"659",0.454855076923077,0.412981871794872,0.449265627611301
"660",0.482956358974359,0.412981871794872,0.434581018681914
"661",0.511057641025641,0.412981871794872,0.433475073292674
"662",0.539158923076923,0.412981871794872,0.432369127903434
"663",0.567260205128205,0.412981871794872,0.430488987366225
"664",0.595361487179487,0.412981871794872,0.447619097750587
"665",0.623462769230769,0.412981871794872,0.463586981916635
"666",0.651564051282051,0.412981871794872,0.479554866082683
"667",0.679665333333333,0.412981871794872,0.495522750248731
"668",0.707766615384615,0.412981871794872,0.514506721845504
"669",0.735867897435897,0.412981871794872,0.515063929346972
"670",0.763969179487179,0.412981871794872,0.515621136848439
"671",0.792070461538462,0.412981871794872,0.508679380867399
"672",0.820171743589744,0.412981871794872,0.500381954012956
"673",0.848273025641026,0.412981871794872,0.484830651909045
"674",0.876374307692308,0.412981871794872,0.434014443453831
"675",0.90447558974359,0.412981871794872,0.385949794333427
"676",0.932576871794872,0.412981871794872,0.335611531688502
"677",0.960678153846154,0.412981871794872,0.285273269043578
"678",0.988779435897436,0.412981871794872,0.243069763205369
"679",1.01688071794872,0.412981871794872,0.170752308943617
"682",-0.0228667179487179,0.440732051282051,0.577017321037216
"683",0.0052345641025641,0.440732051282051,0.574585268886451
"684",0.0333358461538461,0.440732051282051,0.59422994644842
"685",0.0614371282051282,0.440732051282051,0.615457948892757
"686",0.0895384102564103,0.440732051282051,0.628115399613232
"687",0.117639692307692,0.440732051282051,0.634277933740838
"688",0.145740974358974,0.440732051282051,0.653031289429162
"689",0.173842256410256,0.440732051282051,0.659978098541218
"690",0.201943538461538,0.440732051282051,0.664928915143682
"691",0.23004482051282,0.440732051282051,0.654422135775354
"692",0.258146102564103,0.440732051282051,0.638711912370342
"693",0.286247384615385,0.440732051282051,0.623001688965329
"694",0.314348666666667,0.440732051282051,0.607291465560317
"695",0.342449948717949,0.440732051282051,0.568094532077095
"696",0.370551230769231,0.440732051282051,0.5215518539908
"697",0.398652512820513,0.440732051282051,0.475009175904504
"698",0.426753794871795,0.440732051282051,0.437360684628253
"699",0.454855076923077,0.440732051282051,0.413587465069672
"700",0.482956358974359,0.440732051282051,0.412481519680432
"701",0.511057641025641,0.440732051282051,0.411375574291192
"702",0.539158923076923,0.440732051282051,0.410269628901951
"703",0.567260205128205,0.440732051282051,0.40907757877306
"704",0.595361487179487,0.440732051282051,0.415182647720234
"705",0.623462769230769,0.440732051282051,0.43171805717955
"706",0.651564051282051,0.440732051282051,0.447685941345598
"707",0.679665333333333,0.440732051282051,0.463653825511646
"708",0.707766615384615,0.440732051282051,0.482691319963119
"709",0.735867897435897,0.440732051282051,0.490694130090012
"710",0.763969179487179,0.440732051282051,0.48697101047052
"711",0.792070461538462,0.440732051282051,0.478673583616077
"712",0.820171743589744,0.440732051282051,0.470376156761634
"713",0.848273025641026,0.440732051282051,0.45760858266217
"714",0.876374307692308,0.440732051282051,0.412711766177866
"715",0.90447558974359,0.440732051282051,0.362373503532942
"716",0.932576871794872,0.440732051282051,0.312035240888017
"717",0.960678153846154,0.440732051282051,0.261696978243092
"718",0.988779435897436,0.440732051282051,0.219654215372343
"719",1.01688071794872,0.440732051282051,0.167640486199478
"722",-0.0228667179487179,0.468482230769231,0.560330507539434
"723",0.0052345641025641,0.468482230769231,0.529321375736
"724",0.0333358461538461,0.468482230769231,0.551021142712121
"725",0.0614371282051282,0.468482230769231,0.564248229686359
"726",0.0895384102564103,0.468482230769231,0.577475316660598
"727",0.117639692307692,0.468482230769231,0.584777125685678
"728",0.145740974358974,0.468482230769231,0.587940590092754
"729",0.173842256410256,0.468482230769231,0.59784189658688
"730",0.201943538461538,0.468482230769231,0.588573086246391
"731",0.23004482051282,0.468482230769231,0.572862862841378
"732",0.258146102564103,0.468482230769231,0.557152639436365
"733",0.286247384615385,0.468482230769231,0.541442416031353
"734",0.314348666666667,0.468482230769231,0.52573219262634
"735",0.342449948717949,0.468482230769231,0.502144293820392
"736",0.370551230769231,0.468482230769231,0.455710560692951
"737",0.398652512820513,0.468482230769231,0.425455741645205
"738",0.426753794871795,0.468482230769231,0.399664955522851
"739",0.454855076923077,0.468482230769231,0.39148796606819
"740",0.482956358974359,0.468482230769231,0.390382020678949
"741",0.511057641025641,0.468482230769231,0.389192863967653
"742",0.539158923076923,0.468482230769231,0.387980219763505
"743",0.567260205128205,0.468482230769231,0.386767575559357
"744",0.595361487179487,0.468482230769231,0.385554931355209
"745",0.623462769230769,0.468482230769231,0.397413220289741
"746",0.651564051282051,0.468482230769231,0.415305681873925
"747",0.679665333333333,0.468482230769231,0.431784900774562
"748",0.707766615384615,0.468482230769231,0.449879135719346
"749",0.735867897435897,0.468482230769231,0.465262640073642
"750",0.763969179487179,0.468482230769231,0.452178059623471
"751",0.792070461538462,0.468482230769231,0.438335945197647
"752",0.820171743589744,0.468482230769231,0.424493830771823
"753",0.848273025641026,0.468482230769231,0.410651716345999
"754",0.876374307692308,0.468482230769231,0.375320222395302
"755",0.90447558974359,0.468482230769231,0.338133999177049
"756",0.932576871794872,0.468482230769231,0.288458950087531
"757",0.960678153846154,0.468482230769231,0.238120687442606
"758",0.988779435897436,0.468482230769231,0.196238667539318
"759",1.01688071794872,0.468482230769231,0.164528663455338
"762",-0.0228667179487179,0.49623241025641,0.516430978649577
"763",0.0052345641025641,0.49623241025641,0.486930506083727
"764",0.0333358461538461,0.49623241025641,0.499811423505723
"765",0.0614371282051282,0.49623241025641,0.513038510479962
"766",0.0895384102564103,0.49623241025641,0.526265597454201
"767",0.117639692307692,0.49623241025641,0.538275387351048
"768",0.145740974358974,0.49623241025641,0.541438851758124
"769",0.173842256410256,0.49623241025641,0.543634188135773
"770",0.201943538461538,0.49623241025641,0.528862941447551
"771",0.23004482051282,0.49623241025641,0.510670295489744
"772",0.258146102564103,0.49623241025641,0.492477649531937
"773",0.286247384615385,0.49623241025641,0.47428500357413
"774",0.314348666666667,0.49623241025641,0.456092357616323
"775",0.342449948717949,0.49623241025641,0.437493889094913
"776",0.370551230769231,0.49623241025641,0.413550798662157
"777",0.398652512820513,0.49623241025641,0.387760012539803
"778",0.426753794871795,0.49623241025641,0.370494412455947
"779",0.454855076923077,0.49623241025641,0.369308149162247
"780",0.482956358974359,0.49623241025641,0.368095504958099
"781",0.511057641025641,0.49623241025641,0.36688286075395
"782",0.539158923076923,0.49623241025641,0.365670216549802
"783",0.567260205128205,0.49623241025641,0.364457572345654
"784",0.595361487179487,0.49623241025641,0.363244928141506
"785",0.623462769230769,0.49623241025641,0.362032283937358
"786",0.651564051282051,0.49623241025641,0.379643792859249
"787",0.679665333333333,0.49623241025641,0.397700187687445
"788",0.707766615384615,0.49623241025641,0.407074356940817
"789",0.735867897435897,0.49623241025641,0.414258346340261
"790",0.763969179487179,0.49623241025641,0.405221193307299
"791",0.792070461538462,0.49623241025641,0.391379078881475
"792",0.820171743589744,0.49623241025641,0.377536964455651
"793",0.848273025641026,0.49623241025641,0.363694850029827
"794",0.876374307692308,0.49623241025641,0.330141655203155
"795",0.90447558974359,0.49623241025641,0.292955431984902
"796",0.932576871794872,0.49623241025641,0.255769208766649
"797",0.960678153846154,0.49623241025641,0.214544396642121
"798",0.988779435897436,0.49623241025641,0.179945330819257
"799",1.01688071794872,0.49623241025641,0.159925411079475
"802",-0.0228667179487179,0.52398258974359,0.469705400547672
"803",0.0052345641025641,0.52398258974359,0.465171368373005
"804",0.0333358461538461,0.52398258974359,0.465219295726586
"805",0.0614371282051282,0.52398258974359,0.463730271219047
"806",0.0895384102564103,0.52398258974359,0.475055878247803
"807",0.117639692307692,0.52398258974359,0.488282965222042
"808",0.145740974358974,0.52398258974359,0.494937113423494
"809",0.173842256410256,0.52398258974359,0.49598403151582
"810",0.201943538461538,0.52398258974359,0.489712157210853
"811",0.23004482051282,0.52398258974359,0.471519511253046
"812",0.258146102564103,0.52398258974359,0.453326865295239
"813",0.286247384615385,0.52398258974359,0.435134219337432
"814",0.314348666666667,0.52398258974359,0.415932500812127
"815",0.342449948717949,0.52398258974359,0.393480442903321
"816",0.370551230769231,0.52398258974359,0.37130672582347
"817",0.398652512820513,0.52398258974359,0.352301400118162
"818",0.426753794871795,0.52398258974359,0.341274842770329
"819",0.454855076923077,0.52398258974359,0.340126402516128
"820",0.482956358974359,0.52398258974359,0.338977962261927
"821",0.511057641025641,0.52398258974359,0.337829522007727
"822",0.539158923076923,0.52398258974359,0.336681081753526
"823",0.567260205128205,0.52398258974359,0.335532641499325
"824",0.595361487179487,0.52398258974359,0.334384201245124
"825",0.623462769230769,0.52398258974359,0.333160371499775
"826",0.651564051282051,0.52398258974359,0.347773392837175
"827",0.679665333333333,0.52398258974359,0.365312051619903
"828",0.707766615384615,0.52398258974359,0.367415247896328
"829",0.735867897435897,0.52398258974359,0.357520686804203
"830",0.763969179487179,0.52398258974359,0.361528821198546
"831",0.792070461538462,0.52398258974359,0.344422212565304
"832",0.820171743589744,0.52398258974359,0.330580098139479
"833",0.848273025641026,0.52398258974359,0.316737983713655
"834",0.876374307692308,0.52398258974359,0.284963088011008
"835",0.90447558974359,0.52398258974359,0.247776864792755
"836",0.932576871794872,0.52398258974359,0.210590641574502
"837",0.960678153846154,0.52398258974359,0.186316096240261
"838",0.988779435897436,0.52398258974359,0.164950300539205
"839",1.01688071794872,0.52398258974359,0.146436054605812
"842",-0.0228667179487179,0.551732769230769,0.438889043438888
"843",0.0052345641025641,0.551732769230769,0.442898687471137
"844",0.0333358461538461,0.551732769230769,0.444997109876984
"845",0.0614371282051282,0.551732769230769,0.443508085369445
"846",0.0895384102564103,0.551732769230769,0.442019060861906
"847",0.117639692307692,0.551732769230769,0.440530036354367
"848",0.145740974358974,0.551732769230769,0.448435375088864
"849",0.173842256410256,0.551732769230769,0.448333874895867
"850",0.201943538461538,0.551732769230769,0.447896827065321
"851",0.23004482051282,0.551732769230769,0.432368727016349
"852",0.258146102564103,0.551732769230769,0.414176081058542
"853",0.286247384615385,0.551732769230769,0.394371112529341
"854",0.314348666666667,0.551732769230769,0.372274406328479
"855",0.342449948717949,0.551732769230769,0.356645958346967
"856",0.370551230769231,0.551732769230769,0.341017510365456
"857",0.398652512820513,0.551732769230769,0.322363414753261
"858",0.426753794871795,0.551732769230769,0.30916714404032
"859",0.454855076923077,0.551732769230769,0.305316937506893
"860",0.482956358974359,0.551732769230769,0.304168497252692
"861",0.511057641025641,0.551732769230769,0.303020056998491
"862",0.539158923076923,0.551732769230769,0.301871616744291
"863",0.567260205128205,0.551732769230769,0.30072317649009
"864",0.595361487179487,0.551732769230769,0.299436864258211
"865",0.623462769230769,0.551732769230769,0.298027303370706
"866",0.651564051282051,0.551732769230769,0.317383350388921
"867",0.679665333333333,0.551732769230769,0.327629562430494
"868",0.707766615384615,0.551732769230769,0.328595402653021
"869",0.735867897435897,0.551732769230769,0.315704797795375
"870",0.763969179487179,0.551732769230769,0.30796701666759
"871",0.792070461538462,0.551732769230769,0.300995974776954
"872",0.820171743589744,0.551732769230769,0.283623231823308
"873",0.848273025641026,0.551732769230769,0.269781117397484
"874",0.876374307692308,0.551732769230769,0.239784520818862
"875",0.90447558974359,0.551732769230769,0.202598297600608
"876",0.932576871794872,0.551732769230769,0.180823398743415
"877",0.960678153846154,0.551732769230769,0.167255062653422
"878",0.988779435897436,0.551732769230769,0.149955270259154
"879",1.01688071794872,0.551732769230769,0.132946698132148
"882",-0.0228667179487179,0.579482948717949,0.416616362537021
"883",0.0052345641025641,0.579482948717949,0.420626006569269
"884",0.0333358461538461,0.579482948717949,0.424635650601518
"885",0.0614371282051282,0.579482948717949,0.423285899519842
"886",0.0895384102564103,0.579482948717949,0.421796875012303
"887",0.117639692307692,0.579482948717949,0.420307850504765
"888",0.145740974358974,0.579482948717949,0.417297818463859
"889",0.173842256410256,0.579482948717949,0.407208656779426
"890",0.201943538461538,0.579482948717949,0.400246670445368
"891",0.23004482051282,0.579482948717949,0.393217942779651
"892",0.258146102564103,0.579482948717949,0.373242086833487
"893",0.286247384615385,0.579482948717949,0.357613638851975
"894",0.314348666666667,0.579482948717949,0.341985190870464
"895",0.342449948717949,0.579482948717949,0.326356742888952
"896",0.370551230769231,0.579482948717949,0.310728294907441
"897",0.398652512820513,0.579482948717949,0.292675104565071
"898",0.426753794871795,0.579482948717949,0.280508304666862
"899",0.454855076923077,0.579482948717949,0.270507472497658
"900",0.482956358974359,0.579482948717949,0.269359032243457
"901",0.511057641025641,0.579482948717949,0.268210591989256
"902",0.539158923076923,0.579482948717949,0.267062151735056
"903",0.567260205128205,0.579482948717949,0.265713357016648
"904",0.595361487179487,0.579482948717949,0.264303796129142
"905",0.623462769230769,0.579482948717949,0.267456555538651
"906",0.651564051282051,0.579482948717949,0.280270670864959
"907",0.679665333333333,0.579482948717949,0.289947073241086
"908",0.707766615384615,0.579482948717949,0.289775557409714
"909",0.735867897435897,0.579482948717949,0.276884952552068
"910",0.763969179487179,0.579482948717949,0.263994347694422
"911",0.792070461538462,0.579482948717949,0.258211476506476
"912",0.820171743589744,0.579482948717949,0.240463128355362
"913",0.848273025641026,0.579482948717949,0.222824251081312
"914",0.876374307692308,0.579482948717949,0.196064262725694
"915",0.90447558974359,0.579482948717949,0.176455954608874
"916",0.932576871794872,0.579482948717949,0.156847646492054
"917",0.960678153846154,0.579482948717949,0.148194029066583
"918",0.988779435897436,0.579482948717949,0.134960239979103
"919",1.01688071794872,0.579482948717949,0.119457341658485
"922",-0.0228667179487179,0.607233128205128,0.398128666383454
"923",0.0052345641025641,0.607233128205128,0.398353325667401
"924",0.0333358461538461,0.607233128205128,0.40236296969965
"925",0.0614371282051282,0.607233128205128,0.40306371367024
"926",0.0895384102564103,0.607233128205128,0.401574689162701
"927",0.117639692307692,0.607233128205128,0.398904024780686
"928",0.145740974358974,0.607233128205128,0.394800945145108
"929",0.173842256410256,0.607233128205128,0.387425055953626
"930",0.201943538461538,0.607233128205128,0.375732698852076
"931",0.23004482051282,0.607233128205128,0.362100225715279
"932",0.258146102564103,0.607233128205128,0.343907932446189
"933",0.286247384615385,0.607233128205128,0.327324423393961
"934",0.314348666666667,0.607233128205128,0.311695975412449
"935",0.342449948717949,0.607233128205128,0.296067527430938
"936",0.370551230769231,0.607233128205128,0.280439079449426
"937",0.398652512820513,0.607233128205128,0.264016265191613
"938",0.426753794871795,0.607233128205128,0.251849465293404
"939",0.454855076923077,0.607233128205128,0.239682665395195
"940",0.482956358974359,0.607233128205128,0.234549567234222
"941",0.511057641025641,0.607233128205128,0.233399410662589
"942",0.539158923076923,0.607233128205128,0.231989849775084
"943",0.567260205128205,0.607233128205128,0.230580288887579
"944",0.595361487179487,0.607233128205128,0.229170728000074
"945",0.623462769230769,0.607233128205128,0.232911779299423
"946",0.651564051282051,0.607233128205128,0.24258818167555
"947",0.679665333333333,0.607233128205128,0.252264584051677
"948",0.707766615384615,0.607233128205128,0.250955712166407
"949",0.735867897435897,0.607233128205128,0.238065107308761
"950",0.763969179487179,0.607233128205128,0.225174502451115
"951",0.792070461538462,0.607233128205128,0.212283897593469
"952",0.820171743589744,0.607233128205128,0.198866811896403
"953",0.848273025641026,0.607233128205128,0.186622649808571
"954",0.876374307692308,0.607233128205128,0.171160545425897
"955",0.90447558974359,0.607233128205128,0.152480202357513
"956",0.932576871794872,0.607233128205128,0.135682702903534
"957",0.960678153846154,0.607233128205128,0.129132995479744
"958",0.988779435897436,0.607233128205128,0.119965209699051
"959",1.01688071794872,0.607233128205128,0.105967985184821
"962",-0.0228667179487179,0.634983307692308,0.386746195758483
"963",0.0052345641025641,0.634983307692308,0.383193480064525
"964",0.0333358461538461,0.634983307692308,0.380090288797782
"965",0.0614371282051282,0.634983307692308,0.382841527820638
"966",0.0895384102564103,0.634983307692308,0.380510231097513
"967",0.117639692307692,0.634983307692308,0.376407151461935
"968",0.145740974358974,0.634983307692308,0.372304071826357
"969",0.173842256410256,0.634983307692308,0.367641455127827
"970",0.201943538461538,0.634983307692308,0.355949098026277
"971",0.23004482051282,0.634983307692308,0.339870324575367
"972",0.258146102564103,0.634983307692308,0.321678031306278
"973",0.286247384615385,0.634983307692308,0.303485738037188
"974",0.314348666666667,0.634983307692308,0.285293444768098
"975",0.342449948717949,0.634983307692308,0.267101151499008
"976",0.370551230769231,0.634983307692308,0.250149863991412
"977",0.398652512820513,0.634983307692308,0.235357425818154
"978",0.426753794871795,0.634983307692308,0.223190625919945
"979",0.454855076923077,0.634983307692308,0.211023826021736
"980",0.482956358974359,0.634983307692308,0.20072043633716
"981",0.511057641025641,0.634983307692308,0.202194263184038
"982",0.539158923076923,0.634983307692308,0.203192780139622
"983",0.567260205128205,0.634983307692308,0.204191297095205
"984",0.595361487179487,0.634983307692308,0.205189814050789
"985",0.623462769230769,0.634983307692308,0.204324367221901
"986",0.651564051282051,0.634983307692308,0.204905692486141
"987",0.679665333333333,0.634983307692308,0.214582094862268
"988",0.707766615384615,0.634983307692308,0.212135866923101
"989",0.735867897435897,0.634983307692308,0.199245262065455
"990",0.763969179487179,0.634983307692308,0.187409297604544
"991",0.792070461538462,0.634983307692308,0.179933231292209
"992",0.820171743589744,0.634983307692308,0.171448558980864
"993",0.848273025641026,0.634983307692308,0.157868179050753
"994",0.876374307692308,0.634983307692308,0.141929376313798
"995",0.90447558974359,0.634983307692308,0.125990573576843
"996",0.932576871794872,0.634983307692308,0.116621669316695
"997",0.960678153846154,0.634983307692308,0.110071961892905
"998",0.988779435897436,0.634983307692308,0.103522254469115
"999",1.01688071794872,0.634983307692308,0.0924786287111578
"1002",-0.0228667179487179,0.662733487179487,0.375499674521744
"1003",0.0052345641025641,0.662733487179487,0.371656205477732
"1004",0.0333358461538461,0.662733487179487,0.368258293745596
"1005",0.0614371282051282,0.662733487179487,0.364880859756796
"1006",0.0895384102564103,0.662733487179487,0.358312002357762
"1007",0.117639692307692,0.662733487179487,0.353910278143184
"1008",0.145740974358974,0.662733487179487,0.349807198507605
"1009",0.173842256410256,0.662733487179487,0.345704118872027
"1010",0.201943538461538,0.662733487179487,0.335832716704546
"1011",0.23004482051282,0.662733487179487,0.317640423435456
"1012",0.258146102564103,0.662733487179487,0.299448130166367
"1013",0.286247384615385,0.662733487179487,0.281255836897277
"1014",0.314348666666667,0.662733487179487,0.263054877242506
"1015",0.342449948717949,0.662733487179487,0.244837005211595
"1016",0.370551230769231,0.662733487179487,0.226619133180683
"1017",0.398652512820513,0.662733487179487,0.201472554172944
"1018",0.426753794871795,0.662733487179487,0.184204798470497
"1019",0.454855076923077,0.662733487179487,0.170406124042455
"1020",0.482956358974359,0.662733487179487,0.160325444807734
"1021",0.511057641025641,0.662733487179487,0.172968498305449
"1022",0.539158923076923,0.662733487179487,0.177498255681982
"1023",0.567260205128205,0.662733487179487,0.182028013058516
"1024",0.595361487179487,0.662733487179487,0.183104921047786
"1025",0.623462769230769,0.662733487179487,0.181708597547753
"1026",0.651564051282051,0.662733487179487,0.179720928892874
"1027",0.679665333333333,0.662733487179487,0.177733260237995
"1028",0.707766615384615,0.662733487179487,0.173928257732962
"1029",0.735867897435897,0.662733487179487,0.166452191420627
"1030",0.763969179487179,0.662733487179487,0.158976125108293
"1031",0.792070461538462,0.662733487179487,0.151500058795958
"1032",0.820171743589744,0.662733487179487,0.144023992483623
"1033",0.848273025641026,0.662733487179487,0.131904354882447
"1034",0.876374307692308,0.662733487179487,0.123533979082263
"1035",0.90447558974359,0.662733487179487,0.115163603282079
"1036",0.932576871794872,0.662733487179487,0.10324643753261
"1037",0.960678153846154,0.662733487179487,0.0910109283060657
"1038",0.988779435897436,0.662733487179487,0.0844612208822755
"1039",1.01688071794872,0.662733487179487,0.0789892722374942
"1042",-0.0228667179487179,0.690483666666667,0.364253153285004
"1043",0.0052345641025641,0.690483666666667,0.360409684240993
"1044",0.0333358461538461,0.690483666666667,0.356575011073706
"1045",0.0614371282051282,0.690483666666667,0.352527252213141
"1046",0.0895384102564103,0.690483666666667,0.347979336715866
"1047",0.117639692307692,0.690483666666667,0.340966099382461
"1048",0.145740974358974,0.690483666666667,0.333648447166069
"1049",0.173842256410256,0.690483666666667,0.326330794949676
"1050",0.201943538461538,0.690483666666667,0.31358204727194
"1051",0.23004482051282,0.690483666666667,0.295364175241028
"1052",0.258146102564103,0.690483666666667,0.277146303210116
"1053",0.286247384615385,0.690483666666667,0.258928431179205
"1054",0.314348666666667,0.690483666666667,0.240710559148293
"1055",0.342449948717949,0.690483666666667,0.222492687117382
"1056",0.370551230769231,0.690483666666667,0.20427481508647
"1057",0.398652512820513,0.690483666666667,0.178577551368537
"1058",0.426753794871795,0.690483666666667,0.144080384709263
"1059",0.454855076923077,0.690483666666667,0.129500367147734
"1060",0.482956358974359,0.690483666666667,0.118883676579508
"1061",0.511057641025641,0.690483666666667,0.137783739573559
"1062",0.539158923076923,0.690483666666667,0.145216560273738
"1063",0.567260205128205,0.690483666666667,0.149746317650271
"1064",0.595361487179487,0.690483666666667,0.158537646936199
"1065",0.623462769230769,0.690483666666667,0.165693150101117
"1066",0.651564051282051,0.690483666666667,0.164107245008551
"1067",0.679665333333333,0.690483666666667,0.162521339915986
"1068",0.707766615384615,0.690483666666667,0.158471537157775
"1069",0.735867897435897,0.690483666666667,0.151166540914544
"1070",0.763969179487179,0.690483666666667,0.143861544671313
"1071",0.792070461538462,0.690483666666667,0.136556548428082
"1072",0.820171743589744,0.690483666666667,0.129614469381194
"1073",0.848273025641026,0.690483666666667,0.121694170816611
"1074",0.876374307692308,0.690483666666667,0.113323795016427
"1075",0.90447558974359,0.690483666666667,0.104141604241016
"1076",0.932576871794872,0.690483666666667,0.0917996067603368
"1077",0.960678153846154,0.690483666666667,0.0794576092796579
"1078",0.988779435897436,0.690483666666667,0.067115611798979
"1079",1.01688071794872,0.690483666666667,0.0654999157638307
"1082",-0.0228667179487179,0.718233846153846,0.353006632048265
"1083",0.0052345641025641,0.718233846153846,0.3492003777909
"1084",0.0333358461538461,0.718233846153846,0.346938715085579
"1085",0.0614371282051282,0.718233846153846,0.341267407381742
"1086",0.0895384102564103,0.718233846153846,0.335625729172212
"1087",0.117639692307692,0.718233846153846,0.330937848623554
"1088",0.145740974358974,0.718233846153846,0.323620196407161
"1089",0.173842256410256,0.718233846153846,0.316481386393909
"1090",0.201943538461538,0.718233846153846,0.301422912429899
"1091",0.23004482051282,0.718233846153846,0.274422437194985
"1092",0.258146102564103,0.718233846153846,0.254801985115903
"1093",0.286247384615385,0.718233846153846,0.236584113084992
"1094",0.314348666666667,0.718233846153846,0.21836624105408
"1095",0.342449948717949,0.718233846153846,0.200148369023169
"1096",0.370551230769231,0.718233846153846,0.181930496992257
"1097",0.398652512820513,0.718233846153846,0.155682548564131
"1098",0.426753794871795,0.718233846153846,0.121185381904857
"1099",0.454855076923077,0.718233846153846,0.0885946102530135
"1100",0.482956358974359,0.718233846153846,0.0774419083512814
"1101",0.511057641025641,0.718233846153846,0.0963419713453329
"1102",0.539158923076923,0.718233846153846,0.112934864865493
"1103",0.567260205128205,0.718233846153846,0.1231249959167
"1104",0.595361487179487,0.718233846153846,0.134640887618994
"1105",0.623462769230769,0.718233846153846,0.146156779321289
"1106",0.651564051282051,0.718233846153846,0.151631895111186
"1107",0.679665333333333,0.718233846153846,0.150045990018621
"1108",0.707766615384615,0.718233846153846,0.147296200282254
"1109",0.735867897435897,0.718233846153846,0.139991204039023
"1110",0.763969179487179,0.718233846153846,0.132686207795792
"1111",0.792070461538462,0.718233846153846,0.125510771159749
"1112",0.820171743589744,0.718233846153846,0.118939594203631
"1113",0.848273025641026,0.718233846153846,0.111483986750775
"1114",0.876374307692308,0.718233846153846,0.103113610950591
"1115",0.90447558974359,0.718233846153846,0.0926947734687427
"1116",0.932576871794872,0.718233846153846,0.0803527759880638
"1117",0.960678153846154,0.718233846153846,0.0680107785073849
"1118",0.988779435897436,0.718233846153846,0.0588791371411361
"1119",1.01688071794872,0.718233846153846,0.0524400698178948
"1122",-0.0228667179487179,0.745984025641026,0.343106758329597
"1123",0.0052345641025641,0.745984025641026,0.340845095624276
"1124",0.0333358461538461,0.745984025641026,0.338583432918954
"1125",0.0614371282051282,0.745984025641026,0.33275458933271
"1126",0.0895384102564103,0.745984025641026,0.3262546614728
"1127",0.117639692307692,0.745984025641026,0.319754733612889
"1128",0.145740974358974,0.745984025641026,0.313591945648253
"1129",0.173842256410256,0.745984025641026,0.307252094492513
"1130",0.201943538461538,0.745984025641026,0.291539543234565
"1131",0.23004482051282,0.745984025641026,0.26453906799965
"1132",0.258146102564103,0.745984025641026,0.237538592764735
"1133",0.286247384615385,0.745984025641026,0.214239794990778
"1134",0.314348666666667,0.745984025641026,0.196021922959867
"1135",0.342449948717949,0.745984025641026,0.177804050928955
"1136",0.370551230769231,0.745984025641026,0.159586178898044
"1137",0.398652512820513,0.745984025641026,0.132787545759724
"1138",0.426753794871795,0.745984025641026,0.0982903791004503
"1139",0.454855076923077,0.745984025641026,0.0637932124411765
"1140",0.482956358974359,0.745984025641026,0.0360001401230553
"1141",0.511057641025641,0.745984025641026,0.0654894619440906
"1142",0.539158923076923,0.745984025641026,0.0998205712122033
"1143",0.567260205128205,0.745984025641026,0.110352923284568
"1144",0.595361487179487,0.745984025641026,0.113111687636573
"1145",0.623462769230769,0.745984025641026,0.122260020004084
"1146",0.651564051282051,0.745984025641026,0.133775911706379
"1147",0.679665333333333,0.745984025641026,0.137570640121255
"1148",0.707766615384615,0.745984025641026,0.135286113002858
"1149",0.735867897435897,0.745984025641026,0.128815867163502
"1150",0.763969179487179,0.745984025641026,0.121510870920271
"1151",0.792070461538462,0.745984025641026,0.114835895982186
"1152",0.820171743589744,0.745984025641026,0.108264719026068
"1153",0.848273025641026,0.745984025641026,0.101273802684939
"1154",0.876374307692308,0.745984025641026,0.0929034268847556
"1155",0.90447558974359,0.745984025641026,0.0812479426964698
"1156",0.932576871794872,0.745984025641026,0.0689059452157909
"1157",0.960678153846154,0.745984025641026,0.0607672544863311
"1158",0.988779435897436,0.745984025641026,0.0543281871630898
"1159",1.01688071794872,0.745984025641026,0.0478891198398484
"1162",-0.0228667179487179,0.773734205128205,0.334751476162972
"1163",0.0052345641025641,0.773734205128205,0.332489813457651
"1164",0.0333358461538461,0.773734205128205,0.33022815075233
"1165",0.0614371282051282,0.773734205128205,0.324241771283679
"1166",0.0895384102564103,0.773734205128205,0.317741843423768
"1167",0.117639692307692,0.773734205128205,0.311241915563858
"1168",0.145740974358974,0.773734205128205,0.304992003959832
"1169",0.173842256410256,0.773734205128205,0.298022802591117
"1170",0.201943538461538,0.773734205128205,0.28165617403923
"1171",0.23004482051282,0.773734205128205,0.254655698804315
"1172",0.258146102564103,0.773734205128205,0.2276552235694
"1173",0.286247384615385,0.773734205128205,0.200654748334485
"1174",0.314348666666667,0.773734205128205,0.173677604865654
"1175",0.342449948717949,0.773734205128205,0.155459732834742
"1176",0.370551230769231,0.773734205128205,0.137241860803831
"1177",0.398652512820513,0.773734205128205,0.109892542955318
"1178",0.426753794871795,0.773734205128205,0.0753953762960438
"1179",0.454855076923077,0.773734205128205,0.0459181949555718
"1180",0.482956358974359,0.773734205128205,0.0409314353594166
"1181",0.511057641025641,0.773734205128205,0.0554525087549847
"1182",0.539158923076923,0.773734205128205,0.0897836180230974
"1183",0.567260205128205,0.773734205128205,0.111443214037901
"1184",0.595361487179487,0.773734205128205,0.114201978389906
"1185",0.623462769230769,0.773734205128205,0.116960742741911
"1186",0.651564051282051,0.773734205128205,0.119719507093917
"1187",0.679665333333333,0.773734205128205,0.122478271445922
"1188",0.707766615384615,0.773734205128205,0.122797130063702
"1189",0.735867897435897,0.773734205128205,0.117640530287981
"1190",0.763969179487179,0.773734205128205,0.110732197760741
"1191",0.792070461538462,0.773734205128205,0.104161020804623
"1192",0.820171743589744,0.773734205128205,0.0975898438485052
"1193",0.848273025641026,0.773734205128205,0.0910186668923872
"1194",0.876374307692308,0.773734205128205,0.0821431094048757
"1195",0.90447558974359,0.773734205128205,0.0698011119241969
"1196",0.932576871794872,0.773734205128205,0.0626553718315262
"1197",0.960678153846154,0.773734205128205,0.0562163045082848
"1198",0.988779435897436,0.773734205128205,0.0504738153672418
"1199",1.01688071794872,0.773734205128205,0.0448417108420072
"1202",-0.0228667179487179,0.801484384615385,0.326436564744592
"1203",0.0052345641025641,0.801484384615385,0.324134531291026
"1204",0.0333358461538461,0.801484384615385,0.321872868585705
"1205",0.0614371282051282,0.801484384615385,0.315728953234647
"1206",0.0895384102564103,0.801484384615385,0.309229025374737
"1207",0.117639692307692,0.801484384615385,0.303244748056898
"1208",0.145740974358974,0.801484384615385,0.296834945171079
"1209",0.173842256410256,0.801484384615385,0.288929875044314
"1210",0.201943538461538,0.801484384615385,0.271772804843895
"1211",0.23004482051282,0.801484384615385,0.24477232960898
"1212",0.258146102564103,0.801484384615385,0.217771854374065
"1213",0.286247384615385,0.801484384615385,0.19077137913915
"1214",0.314348666666667,0.801484384615385,0.163770903904235
"1215",0.342449948717949,0.801484384615385,0.13677042866932
"1216",0.370551230769231,0.801484384615385,0.114897542709618
"1217",0.398652512820513,0.801484384615385,0.086997540150911
"1218",0.426753794871795,0.801484384615385,0.0670618514865146
"1219",0.454855076923077,0.801484384615385,0.0605900888082059
"1220",0.482956358974359,0.801484384615385,0.0579697245985211
"1221",0.511057641025641,0.801484384615385,0.0553493603888364
"1222",0.539158923076923,0.801484384615385,0.0797466648339915
"1223",0.567260205128205,0.801484384615385,0.112533504791233
"1224",0.595361487179487,0.801484384615385,0.115292269143239
"1225",0.623462769230769,0.801484384615385,0.118051033495244
"1226",0.651564051282051,0.801484384615385,0.12080979784725
"1227",0.679665333333333,0.801484384615385,0.122325213481595
"1228",0.707766615384615,0.801484384615385,0.114422389668307
"1229",0.735867897435897,0.801484384615385,0.106628499539296
"1230",0.763969179487179,0.801484384615385,0.100057322583178
"1231",0.792070461538462,0.801484384615385,0.0934861456270603
"1232",0.820171743589744,0.801484384615385,0.0869149686709422
"1233",0.848273025641026,0.801484384615385,0.0803437917148242
"1234",0.876374307692308,0.801484384615385,0.0709825564999625
"1235",0.90447558974359,0.801484384615385,0.0648703328797079
"1236",0.932576871794872,0.801484384615385,0.0592382283544733
"1237",0.960678153846154,0.801484384615385,0.0536061238292388
"1238",0.988779435897436,0.801484384615385,0.0479740193040043
"1239",1.01688071794872,0.801484384615385,0.04308838837528
"1242",-0.0228667179487179,0.829234564102564,0.318715196314399
"1243",0.0052345641025641,0.829234564102564,0.315779249124401
"1244",0.0333358461538461,0.829234564102564,0.31351758641908
"1245",0.0614371282051282,0.829234564102564,0.307216135185616
"1246",0.0895384102564103,0.829234564102564,0.300716207325705
"1247",0.117639692307692,0.829234564102564,0.29608351205075
"1248",0.145740974358974,0.829234564102564,0.288677886382327
"1249",0.173842256410256,0.829234564102564,0.280772816255561
"1250",0.201943538461538,0.829234564102564,0.266684621343366
"1251",0.23004482051282,0.829234564102564,0.239564403500263
"1252",0.258146102564103,0.829234564102564,0.212444185657159
"1253",0.286247384615385,0.829234564102564,0.185323967814055
"1254",0.314348666666667,0.829234564102564,0.158203749970951
"1255",0.342449948717949,0.829234564102564,0.131083532127847
"1256",0.370551230769231,0.829234564102564,0.106111925226479
"1257",0.398652512820513,0.829234564102564,0.0882055080174573
"1258",0.426753794871795,0.829234564102564,0.0802487422569952
"1259",0.454855076923077,0.829234564102564,0.0776283780473104
"1260",0.482956358974359,0.829234564102564,0.0750080138376257
"1261",0.511057641025641,0.829234564102564,0.072387649627941
"1262",0.539158923076923,0.829234564102564,0.0697672854182562
"1263",0.567260205128205,0.829234564102564,0.104040820912998
"1264",0.595361487179487,0.829234564102564,0.116382559896572
"1265",0.623462769230769,0.829234564102564,0.119141324248577
"1266",0.651564051282051,0.829234564102564,0.121900088600582
"1267",0.679665333333333,0.829234564102564,0.118589319965162
"1268",0.707766615384615,0.829234564102564,0.110455785140373
"1269",0.735867897435897,0.829234564102564,0.102555470656034
"1270",0.763969179487179,0.829234564102564,0.0949445327447702
"1271",0.792070461538462,0.829234564102564,0.0875916277878174
"1272",0.820171743589744,0.829234564102564,0.0804244426997128
"1273",0.848273025641026,0.829234564102564,0.0738081482871548
"1274",0.876374307692308,0.829234564102564,0.0680026413417049
"1275",0.90447558974359,0.829234564102564,0.0623705368164704
"1276",0.932576871794872,0.829234564102564,0.0567384322912358
"1277",0.960678153846154,0.829234564102564,0.0511063277660013
"1278",0.988779435897436,0.829234564102564,0.0458566305298476
"1279",1.01688071794872,0.829234564102564,0.0413400234995516
"1282",-0.0228667179487179,0.856984743589744,0.310993827884207
"1283",0.0052345641025641,0.856984743589744,0.307423966957776
"1284",0.0333358461538461,0.856984743589744,0.305162304252455
"1285",0.0614371282051282,0.856984743589744,0.298703317136584
"1286",0.0895384102564103,0.856984743589744,0.293515775534338
"1287",0.117639692307692,0.856984743589744,0.288425897720339
"1288",0.145740974358974,0.856984743589744,0.280520827593574
"1289",0.173842256410256,0.856984743589744,0.273355782779406
"1290",0.201943538461538,0.856984743589744,0.26633842263332
"1291",0.23004482051282,0.856984743589744,0.24231263299094
"1292",0.258146102564103,0.856984743589744,0.215192415147837
"1293",0.286247384615385,0.856984743589744,0.188072197304733
"1294",0.314348666666667,0.856984743589744,0.160951979461629
"1295",0.342449948717949,0.856984743589744,0.145050230308711
"1296",0.370551230769231,0.856984743589744,0.129748557854112
"1297",0.398652512820513,0.856984743589744,0.104699149024583
"1298",0.426753794871795,0.856984743589744,0.0972870314960997
"1299",0.454855076923077,0.856984743589744,0.094666667286415
"1300",0.482956358974359,0.856984743589744,0.0920463030767303
"1301",0.511057641025641,0.856984743589744,0.0894259388670455
"1302",0.539158923076923,0.856984743589744,0.0868055746573608
"1303",0.567260205128205,0.856984743589744,0.0940038677238924
"1304",0.595361487179487,0.856984743589744,0.117472850649904
"1305",0.623462769230769,0.856984743589744,0.12023161500191
"1306",0.651564051282051,0.856984743589744,0.12116850296183
"1307",0.679665333333333,0.856984743589744,0.114853426448729
"1308",0.707766615384615,0.856984743589744,0.106547685837752
"1309",0.735867897435897,0.856984743589744,0.0989367479264885
"1310",0.763969179487179,0.856984743589744,0.0913258100152245
"1311",0.792070461538462,0.856984743589744,0.0837148721039605
"1312",0.820171743589744,0.856984743589744,0.0773217515527738
"1313",0.848273025641026,0.856984743589744,0.0714705568597932
"1314",0.876374307692308,0.856984743589744,0.0656227873662062
"1315",0.90447558974359,0.856984743589744,0.0598707407532329
"1316",0.932576871794872,0.856984743589744,0.0542386362279983
"1317",0.960678153846154,0.856984743589744,0.0486248726844153
"1318",0.988779435897436,0.856984743589744,0.0441082656541193
"1319",1.01688071794872,0.856984743589744,0.0395916586238232
"1322",-0.0228667179487179,0.884734923076923,0.303272459454015
"1323",0.0052345641025641,0.884734923076923,0.299701599297267
"1324",0.0333358461538461,0.884734923076923,0.296690426947464
"1325",0.0614371282051282,0.884734923076923,0.290948039017927
"1326",0.0895384102564103,0.884734923076923,0.28635453952819
"1327",0.117639692307692,0.884734923076923,0.280268838931587
"1328",0.145740974358974,0.884734923076923,0.273045302328515
"1329",0.173842256410256,0.884734923076923,0.266027942182429
"1330",0.201943538461538,0.884734923076923,0.259010582036343
"1331",0.23004482051282,0.884734923076923,0.245060862481618
"1332",0.258146102564103,0.884734923076923,0.217940644638514
"1333",0.286247384615385,0.884734923076923,0.199290207845541
"1334",0.314348666666667,0.884734923076923,0.183988535390942
"1335",0.342449948717949,0.884734923076923,0.168686862936344
"1336",0.370551230769231,0.884734923076923,0.153385190481745
"1337",0.398652512820513,0.884734923076923,0.139001095976635
"1338",0.426753794871795,0.884734923076923,0.130171454178996
"1339",0.454855076923077,0.884734923076923,0.121341812381356
"1340",0.482956358974359,0.884734923076923,0.112512170583717
"1341",0.511057641025641,0.884734923076923,0.10646422810615
"1342",0.539158923076923,0.884734923076923,0.103843863896465
"1343",0.567260205128205,0.884734923076923,0.101223499686781
"1344",0.595361487179487,0.884734923076923,0.118298023802899
"1345",0.623462769230769,0.884734923076923,0.121321905755243
"1346",0.651564051282051,0.884734923076923,0.117432609445397
"1347",0.679665333333333,0.884734923076923,0.110961181019938
"1348",0.707766615384615,0.884734923076923,0.102928963108207
"1349",0.735867897435897,0.884734923076923,0.0953180251969428
"1350",0.763969179487179,0.884734923076923,0.0881817224628329
"1351",0.792070461538462,0.884734923076923,0.0816063210695322
"1352",0.820171743589744,0.884734923076923,0.0750309196762315
"1353",0.848273025641026,0.884734923076923,0.0691509251657187
"1354",0.876374307692308,0.884734923076923,0.0632899552896375
"1355",0.90447558974359,0.884734923076923,0.0574374264452576
"1356",0.932576871794872,0.884734923076923,0.0517388401647609
"1357",0.960678153846154,0.884734923076923,0.0468765078086869
"1358",0.988779435897436,0.884734923076923,0.0423599007783909
"1359",1.01688071794872,0.884734923076923,0.0379632085472885
"1362",-0.0228667179487179,0.912485102564103,0.295551091023823
"1363",0.0052345641025641,0.912485102564103,0.291980230867075
"1364",0.0333358461538461,0.912485102564103,0.288407812077335
"1365",0.0614371282051282,0.912485102564103,0.283786803011778
"1366",0.0895384102564103,0.912485102564103,0.279193303522042
"1367",0.117639692307692,0.912485102564103,0.272734821877624
"1368",0.145740974358974,0.912485102564103,0.265807803583974
"1369",0.173842256410256,0.912485102564103,0.25891301998705
"1370",0.201943538461538,0.912485102564103,0.252018236390126
"1371",0.23004482051282,0.912485102564103,0.245123452793202
"1372",0.258146102564103,0.912485102564103,0.230168428044644
"1373",0.286247384615385,0.912485102564103,0.213193192088737
"1374",0.314348666666667,0.912485102564103,0.19621795613283
"1375",0.342449948717949,0.912485102564103,0.179242720176923
"1376",0.370551230769231,0.912485102564103,0.165092320864929
"1377",0.398652512820513,0.912485102564103,0.154066420509938
"1378",0.426753794871795,0.912485102564103,0.149662244588202
"1379",0.454855076923077,0.912485102564103,0.145258068666465
"1380",0.482956358974359,0.912485102564103,0.140853892744729
"1381",0.511057641025641,0.912485102564103,0.136449716822993
"1382",0.539158923076923,0.912485102564103,0.12915483394049
"1383",0.567260205128205,0.912485102564103,0.12032519214285
"1384",0.595361487179487,0.912485102564103,0.1156414247162
"1385",0.623462769230769,0.912485102564103,0.120011792442065
"1386",0.651564051282051,0.912485102564103,0.113696715928964
"1387",0.679665333333333,0.912485102564103,0.106994576492004
"1388",0.707766615384615,0.912485102564103,0.0993102403786612
"1389",0.735867897435897,0.912485102564103,0.0926996484862747
"1390",0.763969179487179,0.912485102564103,0.086124247092974
"1391",0.792070461538462,0.912485102564103,0.0795488456996734
"1392",0.820171743589744,0.912485102564103,0.0729734443063727
"1393",0.848273025641026,0.912485102564103,0.0668410686547448
"1394",0.876374307692308,0.912485102564103,0.0609800987786636
"1395",0.90447558974359,0.912485102564103,0.0551191289025823
"1396",0.932576871794872,0.912485102564103,0.0497782629979223
"1397",0.960678153846154,0.912485102564103,0.0453842977137511
"1398",0.988779435897436,0.912485102564103,0.04099033242958
"1402",-0.0228667179487179,0.940235282051282,0.28782972259363
"1403",0.0052345641025641,0.940235282051282,0.284258862436882
"1404",0.0333358461538461,0.940235282051282,0.28086158166809
"1405",0.0614371282051282,0.940235282051282,0.277097067360677
"1406",0.0895384102564103,0.940235282051282,0.272082058557505
"1407",0.117639692307692,0.940235282051282,0.26599356791786
"1408",0.145740974358974,0.940235282051282,0.259905077278215
"1409",0.173842256410256,0.940235282051282,0.253214234511005
"1410",0.201943538461538,0.940235282051282,0.246319450914081
"1411",0.23004482051282,0.940235282051282,0.239424667317157
"1412",0.258146102564103,0.940235282051282,0.231094326537513
"1413",0.286247384615385,0.940235282051282,0.214119090581606
"1414",0.314348666666667,0.940235282051282,0.197143854625699
"1415",0.342449948717949,0.940235282051282,0.184404196544648
"1416",0.370551230769231,0.940235282051282,0.172733372688189
"1417",0.398652512820513,0.940235282051282,0.161090030159686
"1418",0.426753794871795,0.940235282051282,0.150918542821253
"1419",0.454855076923077,0.940235282051282,0.146514366899517
"1420",0.482956358974359,0.940235282051282,0.142110190977781
"1421",0.511057641025641,0.940235282051282,0.137706015056044
"1422",0.539158923076923,0.940235282051282,0.133301839134308
"1423",0.567260205128205,0.940235282051282,0.128897663212572
"1424",0.595361487179487,0.940235282051282,0.124305187966566
"1425",0.623462769230769,0.940235282051282,0.116833886046851
"1426",0.651564051282051,0.940235282051282,0.110271220469661
"1427",0.679665333333333,0.940235282051282,0.103748120982209
"1428",0.707766615384615,0.940235282051282,0.0972175745097166
"1429",0.735867897435897,0.940235282051282,0.0906421731164159
"1430",0.763969179487179,0.940235282051282,0.0840667717231152
"1431",0.792070461538462,0.940235282051282,0.0774913703298145
"1432",0.820171743589744,0.940235282051282,0.0709159689365138
"1433",0.848273025641026,0.940235282051282,0.0645312121437709
"1434",0.876374307692308,0.940235282051282,0.0586702422676896
"1435",0.90447558974359,0.940235282051282,0.0534289785706482
"1436",0.932576871794872,0.940235282051282,0.0484974911481448
"1437",0.960678153846154,0.940235282051282,0.0440174563118716
"1442",-0.0228667179487179,0.967985461538462,0.280108354163438
"1443",0.0052345641025641,0.967985461538462,0.276683720177072
"1444",0.0333358461538461,0.967985461538462,0.27329307620411
"1445",0.0614371282051282,0.967985461538462,0.269338953246641
"1446",0.0895384102564103,0.967985461538462,0.263937839533202
"1447",0.117639692307692,0.967985461538462,0.258521358695747
"1448",0.145740974358974,0.967985461538462,0.252432868056102
"1449",0.173842256410256,0.967985461538462,0.246344377416458
"1450",0.201943538461538,0.967985461538462,0.240255886776813
"1451",0.23004482051282,0.967985461538462,0.233725881841113
"1452",0.258146102564103,0.967985461538462,0.225930187348825
"1453",0.286247384615385,0.967985461538462,0.215386896080825
"1454",0.314348666666667,0.967985461538462,0.203716072224366
"1455",0.342449948717949,0.967985461538462,0.192045248367908
"1456",0.370551230769231,0.967985461538462,0.18037442451145
"1457",0.398652512820513,0.967985461538462,0.168711694318604
"1458",0.426753794871795,0.967985461538462,0.157128954716877
"1459",0.454855076923077,0.967985461538462,0.147770665132568
"1460",0.482956358974359,0.967985461538462,0.143366489210832
"1461",0.511057641025641,0.967985461538462,0.138962313289096
"1462",0.539158923076923,0.967985461538462,0.134558137367359
"1463",0.567260205128205,0.967985461538462,0.129991400614965
"1464",0.595361487179487,0.967985461538462,0.12252009869525
"1465",0.623462769230769,0.967985461538462,0.115048796775534
"1466",0.651564051282051,0.967985461538462,0.107658704761341
"1467",0.679665333333333,0.967985461538462,0.101123591317616
"1468",0.707766615384615,0.967985461538462,0.0946538001906247
"1469",0.735867897435897,0.967985461538462,0.0881840090636332
"1470",0.763969179487179,0.967985461538462,0.0817142179366418
"1471",0.792070461538462,0.967985461538462,0.0752444268096503
"1472",0.820171743589744,0.967985461538462,0.0687746356826589
"1473",0.848273025641026,0.967985461538462,0.0622830921733543
"1474",0.876374307692308,0.967985461538462,0.0571276302657653
"1475",0.90447558974359,0.967985461538462,0.0521961428432619
"1476",0.932576871794872,0.967985461538462,0.0472646554207585
"1482",-0.0228667179487179,0.995735641025641,0.271209168475975
"1483",0.0052345641025641,0.995735641025641,0.265589690957789
"1484",0.0333358461538461,0.995735641025641,0.259970213439602
"1485",0.0614371282051282,0.995735641025641,0.254350735921416
"1486",0.0895384102564103,0.995735641025641,0.248731258403229
"1487",0.117639692307692,0.995735641025641,0.243111780885043
"1488",0.145740974358974,0.995735641025641,0.237492303366857
"1489",0.173842256410256,0.995735641025641,0.23187282584867
"1490",0.201943538461538,0.995735641025641,0.226253348330484
"1491",0.23004482051282,0.995735641025641,0.220633870812297
"1492",0.258146102564103,0.995735641025641,0.215014393294111
"1493",0.286247384615385,0.995735641025641,0.209394915775925
"1494",0.314348666666667,0.995735641025641,0.203775438257738
"1495",0.342449948717949,0.995735641025641,0.195294428379897
"1496",0.370551230769231,0.995735641025641,0.185907237138495
"1497",0.398652512820513,0.995735641025641,0.176344652478252
"1498",0.426753794871795,0.995735641025641,0.164750618875795
"1499",0.454855076923077,0.995735641025641,0.153167879274068
"1500",0.482956358974359,0.995735641025641,0.144622787443884
"1501",0.511057641025641,0.995735641025641,0.140218611522147
"1502",0.539158923076923,0.995735641025641,0.135677613263364
"1503",0.567260205128205,0.995735641025641,0.128206311343648
"1504",0.595361487179487,0.995735641025641,0.120735009423933
"1505",0.623462769230769,0.995735641025641,0.113263707504218
"1506",0.651564051282051,0.995735641025641,0.105792405584503
"1507",0.679665333333333,0.995735641025641,0.0985048637609618
"1508",0.707766615384615,0.995735641025641,0.092029270526032
"1509",0.735867897435897,0.995735641025641,0.0855778046932782
"1510",0.763969179487179,0.995735641025641,0.0792599968113943
"1511",0.792070461538462,0.995735641025641,0.0729421889295105
"1512",0.820171743589744,0.995735641025641,0.0666243810476267
"1513",0.848273025641026,0.995735641025641,0.060702192520825
"1514",0.876374307692308,0.995735641025641,0.0557851891524712
"1515",0.90447558974359,0.995735641025641,0.0508681857841174
"1537",0.398652512820513,1.02348582051282,0.168758301896539
"1538",0.426753794871795,1.02348582051282,0.163138824378353
"1539",0.454855076923077,1.02348582051282,0.157519346860167
"1540",0.482956358974359,1.02348582051282,0.149206803831259
"1541",0.511057641025641,1.02348582051282,0.141363825911762
"1542",0.539158923076923,1.02348582051282,0.133892523992047
"1543",0.567260205128205,1.02348582051282,0.126531463723226
"1544",0.595361487179487,1.02348582051282,0.119375250266325
"1545",0.623462769230769,1.02348582051282,0.112219036809423
"1546",0.651564051282051,1.02348582051282,0.105062823352522
"1547",0.679665333333333,1.02348582051282,0.0979066098956213
"1548",0.707766615384615,1.02348582051282,0.0907503964387202
"1549",0.735867897435897,1.02348582051282,0.0836355665455576
"1550",0.763969179487179,1.02348582051282,0.0773177586636737
"1551",0.792070461538462,1.02348582051282,0.0709999507817899
"1552",0.820171743589744,1.02348582051282,0.0646821428999061
"1553",0.848273025641026,1.02348582051282,0.0593392323558559
